OPP,Result,T Score,LAST_N_3PTM,LAST_N_PTS,SEASON_AVG,PTS,ORDER
UTA,0,94,4.0,42.0,42.0,17,12
OKC,1,120,2.5,29.5,29.5,25,23
LAC,0,104,2.6666666666666665,28.0,28.0,29,15
MIN,1,116,3.25,28.25,28.25,27,21
WSH,0,94,3.2,28.0,28.0,27,27
TOR,1,113,3.1666666666666665,27.83333333333333,27.83333333333333,29,28
NYK,1,128,3.4285714285714284,28.0,28.0,15,24
UTA,0,104,3.125,26.375,26.375,15,12
LAC,1,121,2.888888888888889,25.11111111111111,25.11111111111111,18,15
DAL,0,90,2.6666666666666665,22.444444444444443,24.4,17,13
MEM,1,128,2.888888888888889,22.444444444444443,23.727272727272727,30,16
PHX,0,131,3.0,23.0,24.25,14,4
MEM,0,107,2.6666666666666665,21.33333333333333,23.46153846153846,9,16
LAL,0,121,2.4444444444444446,19.33333333333333,22.428571428571427,29,3
TOR,1,124,2.6666666666666665,19.55555555555556,22.866666666666667,35,28
POR,0,105,2.6666666666666665,20.22222222222222,23.625,15,29
NOP,0,131,2.7777777777777777,20.22222222222222,23.11764705882353,12,26
CHA,0,90,2.888888888888889,19.88888888888889,22.5,25,25
ATL,0,122,3.111111111111111,20.666666666666668,22.63157894736842,31,7
ORL,0,90,3.333333333333333,22.22222222222222,23.05,9,20
MIA,0,106,3.0,19.88888888888889,22.38095238095238,18,22
DET,1,95,3.111111111111111,20.33333333333333,22.181818181818183,27,9
DEN,0,112,3.333333333333333,22.33333333333333,22.39130434782609,30,11
PHI,0,102,3.0,22.444444444444443,22.70833333333333,17,10
ATL,1,108,2.555555555555556,20.444444444444443,22.48,32,7
UTA,0,89,2.4444444444444446,22.33333333333333,22.846153846153847,13,12
SAC,1,130,2.555555555555556,22.444444444444443,22.48148148148148,24,8
LAL,0,94,2.2222222222222223,22.33333333333333,22.535714285714285,11,3
LAC,1,132,1.7777777777777777,20.11111111111111,22.13793103448276,36,15
DAL,0,117,2.4444444444444446,23.11111111111111,22.6,25,13
OKC,0,95,2.2222222222222223,23.88888888888889,22.677419354838708,23,23
DAL,0,101,2.2222222222222223,23.444444444444443,22.6875,6,13
HOU,0,97,2.0,20.77777777777778,22.181818181818183,14,14
OKC,0,104,2.111111111111111,20.444444444444443,21.94117647058824,14,23
CHA,0,110,2.2222222222222223,18.444444444444443,21.714285714285715,22,25
NOP,0,110,2.111111111111111,19.444444444444443,21.72222222222222,15,26
SAC,0,96,2.111111111111111,18.444444444444443,21.54054054054054,27,8
PHX,0,103,2.333333333333333,20.22222222222222,21.68421052631579,25,4
BKN,1,111,2.0,19.0,21.76923076923077,32,19
DEN,0,118,2.2222222222222223,19.77777777777778,22.025,15,11
CHI,1,114,2.2222222222222223,18.88888888888889,21.853658536585368,26,5
MIL,0,104,2.7777777777777777,21.11111111111111,21.952380952380956,18,2
MIA,0,102,2.6666666666666665,21.55555555555556,21.86046511627907,9,22
CLE,0,114,2.7777777777777777,21.0,21.568181818181817,21,17
SAC,1,108,2.6666666666666665,20.88888888888889,21.55555555555556,12,8
MIN,1,107,2.6666666666666665,20.55555555555556,21.347826086956523,16,21
DEN,0,122,2.333333333333333,19.33333333333333,21.23404255319149,26,11
POR,0,89,2.555555555555556,19.444444444444443,21.33333333333333,9,29
LAL,0,118,2.333333333333333,16.88888888888889,21.081632653061224,15,3
PHX,1,132,2.0,16.88888888888889,20.96,13,4
NOP,0,102,1.7777777777777777,15.444444444444445,20.80392156862745,17,26
MEM,0,108,2.0,15.333333333333334,20.73076923076923,14,16
WSH,0,109,1.8888888888888888,15.88888888888889,20.60377358490566,27,27
SAS,0,91,2.333333333333333,16.555555555555557,20.72222222222222,8,6
PHI,0,101,2.2222222222222223,16.11111111111111,20.49090909090909,14,10
DET,0,95,2.333333333333333,15.88888888888889,20.375,19,9
CHI,0,91,2.0,15.11111111111111,20.350877192982452,6,5
BKN,1,105,1.8888888888888888,14.77777777777778,20.103448275862068,14,19
OKC,0,88,2.0,14.666666666666666,20.0,22,23
ORL,0,118,1.8888888888888888,15.666666666666666,20.03333333333333,13,20
HOU,0,109,1.5555555555555556,15.22222222222222,19.918032786885245,11,14
DEN,0,107,1.4444444444444444,14.88888888888889,19.774193548387096,10,11
IND,1,126,1.1111111111111112,13.0,19.61904761904762,7,1
LAL,0,97,1.2222222222222223,12.88888888888889,19.421875,13,3
SAS,0,104,1.2222222222222223,12.77777777777778,19.32307692307692,11,6
DAL,1,111,1.0,11.88888888888889,19.196969696969692,18,13
POR,1,108,1.2222222222222223,13.22222222222222,19.17910447761194,12,29
BOS,0,95,1.3333333333333333,13.0,19.073529411764707,13,18
CLE,0,108,1.2222222222222223,12.0,18.98550724637681,14,17
MIL,0,125,1.4444444444444444,12.11111111111111,18.914285714285715,14,2
IND,0,94,1.5555555555555556,12.444444444444445,18.84507042253521,6,1
MIN,1,146,1.3333333333333333,12.0,18.666666666666668,8,21
SAC,0,107,1.3333333333333333,12.11111111111111,18.52054794520548,9,8
LAC,0,90,1.3333333333333333,11.666666666666666,18.39189189189189,5,15
MEM,1,113,1.2222222222222223,11.0,18.21333333333333,7,16
PHX,0,101,1.1111111111111112,9.77777777777778,18.06578947368421,12,4
HOU,0,107,1.1111111111111112,9.77777777777778,17.98701298701299,14,14
DEN,0,111,2.0,18.0,18.0,27,11
SAC,0,103,2.5,22.5,22.5,27,8
LAL,1,95,2.6666666666666665,24.0,24.0,20,3
POR,1,108,2.5,23.0,23.0,28,29
DAL,1,99,2.6,24.0,24.0,12,13
MEM,0,91,2.333333333333333,22.0,22.0,6,16
OKC,0,114,2.142857142857143,19.714285714285715,19.714285714285715,35,23
WSH,1,114,2.5,21.625,21.625,10,27
TOR,1,138,2.333333333333333,20.33333333333333,20.33333333333333,23,28
HOU,0,112,2.555555555555556,20.88888888888889,20.6,16,14
SAS,0,96,2.4444444444444446,19.666666666666668,20.181818181818183,8,6
DAL,0,73,2.2222222222222223,17.555555555555557,19.166666666666668,11,13
PHX,0,97,2.111111111111111,16.555555555555557,18.53846153846154,15,4
DAL,0,106,2.0,15.11111111111111,18.285714285714285,10,13
SAC,0,119,2.111111111111111,14.88888888888889,17.733333333333334,19,8
MIN,1,100,2.555555555555556,16.333333333333332,17.8125,24,21
ORL,1,123,2.4444444444444446,15.11111111111111,18.176470588235293,22,20
BKN,0,90,2.7777777777777777,16.444444444444443,18.38888888888889,15,19
CLE,1,95,2.555555555555556,15.555555555555555,18.210526315789476,23,17
PHI,0,117,2.555555555555556,16.333333333333332,18.45,22,10
BOS,0,103,2.555555555555556,17.88888888888889,18.61904761904762,9,18
WSH,1,106,2.555555555555556,17.666666666666668,18.181818181818183,29,27
IND,0,100,2.6666666666666665,19.22222222222222,18.65217391304348,20,1
MIN,0,123,2.888888888888889,20.33333333333333,18.70833333333333,33,21
ATL,0,79,2.888888888888889,21.88888888888889,19.28,7,7
BOS,0,93,2.4444444444444446,20.0,18.807692307692307,18,18
UTA,1,107,2.111111111111111,19.55555555555556,18.77777777777778,4,12
NOP,1,102,1.8888888888888888,18.33333333333333,18.25,14,26
OKC,1,100,2.0,17.333333333333332,18.103448275862068,23,23
PHX,0,88,2.111111111111111,17.444444444444443,18.266666666666666,12,4
DEN,1,116,2.2222222222222223,17.77777777777778,18.06451612903226,13,11
PHX,0,92,2.0,16.0,17.90625,15,4
CHI,1,101,1.5555555555555556,15.444444444444445,17.818181818181817,23,5
MIL,1,100,1.2222222222222223,14.333333333333334,17.970588235294116,16,2
UTA,1,96,1.4444444444444444,15.333333333333334,17.914285714285715,27,12
CHA,0,113,1.6666666666666667,16.333333333333332,18.166666666666668,27,25
NOP,0,103,2.111111111111111,18.88888888888889,18.405405405405407,20,26
SAS,0,102,1.8888888888888888,19.55555555555556,18.44736842105263,14,6
LAC,0,109,1.8888888888888888,18.55555555555556,18.33333333333333,32,15
SAC,1,119,2.0,20.77777777777778,18.675,34,8
IND,1,110,2.2222222222222223,23.11111111111111,19.04878048780488,11,1
BKN,1,109,2.2222222222222223,22.666666666666668,18.857142857142858,13,19
LAC,1,122,2.2222222222222223,21.55555555555556,18.72093023255814,23,15
LAL,0,110,2.555555555555556,22.33333333333333,18.818181818181817,15,3
LAC,0,91,2.333333333333333,21.0,18.73333333333333,8,15
CLE,1,116,1.8888888888888888,18.88888888888889,18.5,15,17
NOP,1,110,2.111111111111111,18.33333333333333,18.425531914893615,21,26
ORL,0,90,2.0,19.11111111111111,18.479166666666668,15,20
MIA,0,107,2.0,17.22222222222222,18.40816326530612,15,22
CHA,1,96,1.7777777777777777,15.11111111111111,18.34,24,25
ATL,0,93,2.2222222222222223,16.555555555555557,18.45098039215686,9,7
PHI,1,110,2.0,16.11111111111111,18.26923076923077,17,10
POR,1,109,1.8888888888888888,15.444444444444445,18.245283018867923,4,29
DAL,0,100,1.7777777777777777,14.22222222222222,17.98148148148148,21,13
OKC,0,109,2.111111111111111,15.666666666666666,18.036363636363635,39,23
PHX,0,101,2.2222222222222223,18.33333333333333,18.410714285714285,9,4
SAS,0,98,2.2222222222222223,17.0,18.24561403508772,32,6
MIN,1,104,2.2222222222222223,18.88888888888889,18.48275862068965,20,21
MEM,0,111,2.333333333333333,19.444444444444443,18.508474576271187,26,16
HOU,0,101,2.333333333333333,19.666666666666668,18.633333333333333,21,14
DEN,0,89,2.333333333333333,21.0,18.672131147540984,17,11
LAL,0,89,2.0,21.0,18.64516129032258,13,3
NYK,0,119,2.111111111111111,22.0,18.55555555555556,29,24
DET,1,101,2.111111111111111,22.88888888888889,18.71875,21,9
MIL,0,72,1.8888888888888888,20.88888888888889,18.753846153846155,7,2
CHI,0,90,1.7777777777777777,20.666666666666668,18.57575757575757,17,5
NYK,1,122,1.6666666666666667,19.0,18.55223880597015,25,24
TOR,1,109,1.5555555555555556,19.55555555555556,18.647058823529413,34,28
DET,0,97,1.3333333333333333,20.444444444444443,18.869565217391305,10,9
UTA,1,85,1.3333333333333333,19.22222222222222,18.742857142857144,20,12
LAC,1,109,1.3333333333333333,19.55555555555556,18.76056338028169,16,15
HOU,1,132,1.3333333333333333,19.88888888888889,18.72222222222222,25,14
MEM,0,92,2.0,10.0,10.0,15,16
LAC,1,104,1.5,12.5,12.5,11,15
MEM,0,103,2.0,12.0,12.0,36,16
OKC,0,87,3.0,18.0,18.0,11,23
POR,0,91,3.0,16.6,16.6,8,29
PHX,1,102,2.5,15.166666666666666,15.166666666666666,9,4
HOU,1,106,2.2857142857142856,14.285714285714286,14.285714285714286,14,14
DEN,1,109,2.375,14.25,14.25,36,11
OKC,0,116,2.7777777777777777,16.666666666666668,16.666666666666668,16,23
SAC,0,106,2.6666666666666665,17.333333333333332,16.6,11,8
UTA,1,119,2.888888888888889,16.88888888888889,16.09090909090909,29,12
SAC,1,93,2.7777777777777777,18.88888888888889,17.166666666666668,3,8
OKC,0,109,2.111111111111111,15.22222222222222,16.076923076923077,15,23
POR,1,101,2.0,15.666666666666666,16.0,32,29
MEM,0,90,2.6666666666666665,18.33333333333333,17.066666666666666,18,16
IND,0,91,2.7777777777777777,19.33333333333333,17.125,12,1
SAS,0,95,2.6666666666666665,19.11111111111111,16.823529411764707,20,6
PHX,0,91,2.333333333333333,17.333333333333332,17.0,10,4
PHI,0,79,2.4444444444444446,16.666666666666668,16.63157894736842,21,10
CHI,1,99,2.4444444444444446,17.77777777777778,16.85,21,5
LAC,0,86,2.333333333333333,16.88888888888889,17.047619047619047,4,15
SAS,0,91,2.0,22.0,22.0,9,6
SAS,1,97,1.5,15.5,15.5,22,6
SAS,0,92,2.6666666666666665,17.666666666666668,17.666666666666668,16,6
SAS,1,100,2.75,17.25,17.25,22,6
DEN,1,92,2.6,18.2,18.2,22,11
DEN,0,100,2.833333333333333,18.83333333333333,18.83333333333333,15,11
DEN,1,115,2.571428571428572,18.285714285714285,18.285714285714285,31,11
DEN,1,110,3.0,19.875,19.875,29,11
DEN,1,131,3.111111111111111,20.88888888888889,20.88888888888889,30,11
DEN,0,95,3.333333333333333,21.77777777777778,21.8,19,11
POR,1,99,3.6666666666666665,22.88888888888889,21.545454545454547,15,29
SAS,1,116,3.555555555555556,22.11111111111111,21.0,35,6
LAL,0,116,4.0,24.22222222222222,22.07692307692308,47,3
OKC,0,97,4.777777777777778,27.0,23.857142857142858,22,23
MIN,1,105,4.666666666666667,27.0,23.73333333333333,24,21
UTA,0,90,4.777777777777778,28.0,23.75,22,12
PHX,1,111,4.555555555555555,27.0,23.647058823529413,18,4
NOP,1,98,4.444444444444445,25.77777777777778,23.33333333333333,20,26
POR,1,125,4.444444444444445,24.666666666666668,23.157894736842103,39,29
SAC,0,98,4.777777777777778,26.88888888888889,23.95,17,8
LAL,1,109,4.555555555555555,27.11111111111111,23.61904761904762,25,3
WSH,1,101,4.111111111111111,26.0,23.681818181818183,35,27
SAS,0,93,3.7777777777777777,24.666666666666668,24.17391304347826,24,6
NOP,1,93,3.888888888888889,24.88888888888889,24.166666666666668,30,26
HOU,1,108,4.333333333333333,25.55555555555556,24.4,29,14
CHI,0,95,4.444444444444445,26.33333333333333,24.57692307692308,8,5
DET,1,105,4.111111111111111,25.22222222222222,23.96296296296296,31,9
NYK,1,92,4.222222222222222,26.444444444444443,24.214285714285715,26,24
MIL,0,93,4.111111111111111,25.0,24.27586206896552,16,2
HOU,0,88,4.111111111111111,24.88888888888889,24.0,24,14
SAC,1,87,4.111111111111111,24.77777777777778,24.0,13,8
TOR,1,125,3.6666666666666665,22.33333333333333,23.65625,26,28
PHI,0,97,3.4444444444444446,22.55555555555556,23.727272727272727,30,10
BOS,0,86,3.111111111111111,22.55555555555556,23.91176470588235,25,18
NYK,0,105,2.888888888888889,22.11111111111111,23.942857142857143,54,24
IND,0,97,4.111111111111111,27.22222222222222,24.77777777777778,38,1
MIN,1,100,4.333333333333333,28.0,25.135135135135137,18,21
SAS,1,107,3.7777777777777777,27.11111111111111,24.94736842105263,19,6
PHX,1,108,3.888888888888889,27.444444444444443,24.7948717948718,20,4
UTA,0,101,3.7777777777777777,27.0,24.675,29,12
HOU,0,107,4.0,28.77777777777778,24.78048780487805,27,14
DAL,0,91,4.0,28.88888888888889,24.83333333333333,18,13
MEM,0,93,3.7777777777777777,27.55555555555556,24.67441860465116,32,16
OKC,0,98,3.888888888888889,28.33333333333333,24.84090909090909,14,23
HOU,0,109,2.888888888888889,23.88888888888889,24.6,7,14
PHX,1,113,2.2222222222222223,20.444444444444443,24.217391304347824,29,4
TOR,1,114,2.7777777777777777,21.666666666666668,24.31914893617021,17,28
MIL,0,102,2.555555555555556,21.444444444444443,24.166666666666668,26,2
CHI,0,87,2.888888888888889,22.11111111111111,24.20408163265306,21,5
OKC,1,104,2.7777777777777777,21.22222222222222,24.14,31,23
LAC,1,106,2.888888888888889,21.666666666666668,24.274509803921568,28,15
NOP,1,116,3.4444444444444446,22.77777777777778,24.346153846153847,20,26
DEN,0,105,3.2222222222222223,21.444444444444443,24.264150943396228,29,11
POR,1,103,3.7777777777777777,23.11111111111111,24.35185185185185,22,29
MEM,0,87,4.0,24.77777777777778,24.30909090909091,24,16
LAC,0,89,3.7777777777777777,24.22222222222222,24.303571428571427,10,15
LAC,1,115,3.7777777777777777,23.444444444444443,24.05263157894737,31,15
BOS,1,101,3.888888888888889,24.0,24.17241379310345,22,18
PHI,1,96,4.0,24.11111111111111,24.135593220338983,11,10
UTA,1,94,3.7777777777777777,21.88888888888889,23.916666666666668,23,12
LAL,0,115,3.555555555555556,21.33333333333333,23.901639344262296,20,3
CHA,1,115,3.6666666666666665,21.33333333333333,23.83870967741936,27,25
SAC,0,127,3.7777777777777777,21.11111111111111,23.88888888888889,32,8
NOP,1,103,4.222222222222222,22.22222222222222,24.015625,13,26
ATL,1,115,3.888888888888889,21.0,23.846153846153847,18,7
ORL,0,85,4.111111111111111,21.88888888888889,23.75757575757576,25,20
MIA,1,97,3.6666666666666665,21.22222222222222,23.776119402985078,9,22
CHA,1,104,3.333333333333333,19.77777777777778,23.558823529411764,27,25
WSH,1,101,3.6666666666666665,21.55555555555556,23.608695652173918,22,27
BKN,1,109,3.4444444444444446,21.444444444444443,23.585714285714285,28,19
DET,1,104,3.6666666666666665,22.33333333333333,23.64788732394366,22,9
ORL,0,94,3.2222222222222223,21.77777777777778,23.625,25,20
IND,1,103,2.7777777777777777,21.0,23.64383561643836,20,1
DEN,1,106,3.0,21.77777777777778,23.594594594594597,20,11
MIN,1,96,3.111111111111111,22.0,23.546666666666667,20,21
DEN,0,91,3.4444444444444446,21.444444444444443,23.5,6,11
BKN,1,102,3.555555555555556,21.11111111111111,23.272727272727277,25,19
DAL,1,105,3.333333333333333,20.88888888888889,23.2948717948718,31,13
OKC,0,109,3.4444444444444446,21.88888888888889,23.39240506329114,22,23
MIN,1,106,3.333333333333333,21.22222222222222,23.375,17,21
ATL,1,92,2.888888888888889,20.666666666666668,23.296296296296298,12,7
DEN,0,101,2.555555555555556,19.22222222222222,23.15853658536585,19,11
LAL,0,77,2.555555555555556,19.11111111111111,23.10843373493976,18,3
CLE,1,106,2.333333333333333,18.88888888888889,23.047619047619047,21,17
SAC,0,92,2.0,19.0,23.023529411764702,12,8
LAC,1,114,2.0,19.666666666666668,22.8953488372093,23,15
MEM,0,94,2.0,19.444444444444443,22.89655172413793,26,16
PHX,1,87,2.333333333333333,18.88888888888889,22.931818181818183,5,4
LAC,1,100,3.0,33.0,33.0,24,15
LAC,0,103,2.5,28.5,28.5,17,15
LAC,1,118,3.0,24.666666666666668,24.666666666666668,33,15
LAC,0,96,4.0,26.75,26.75,16,15
LAC,0,98,3.8,24.6,24.6,24,15
LAC,1,109,3.333333333333333,24.5,24.5,14,15
MIN,1,130,3.142857142857143,23.0,23.0,32,21
POR,0,117,3.625,24.125,24.125,47,29
LAL,1,112,4.0,26.666666666666668,26.666666666666668,30,3
DEN,0,99,4.111111111111111,26.33333333333333,27.0,24,11
UTA,1,130,4.111111111111111,26.33333333333333,26.727272727272727,31,12
SAC,1,102,4.222222222222222,27.88888888888889,27.08333333333333,13,8
SAS,0,90,3.6666666666666665,25.666666666666668,26.0,11,6
DAL,1,122,3.4444444444444446,25.11111111111111,24.928571428571427,23,13
NYK,0,84,3.6666666666666665,25.0,24.8,32,24
MEM,1,100,4.111111111111111,27.0,25.25,33,16
SAS,0,90,3.888888888888889,27.11111111111111,25.705882352941178,20,6
MIL,1,115,3.2222222222222223,24.11111111111111,25.38888888888889,31,2
ORL,1,103,3.111111111111111,24.22222222222222,25.68421052631579,23,20
POR,1,113,3.2222222222222223,24.11111111111111,25.55,37,29
CLE,0,94,3.333333333333333,24.77777777777778,26.09523809523809,27,17
LAC,0,98,3.6666666666666665,26.33333333333333,26.13636363636364,13,15
DAL,1,108,3.7777777777777777,26.55555555555556,25.565217391304348,10,13
PHX,1,113,3.555555555555556,25.11111111111111,24.916666666666668,18,4
ATL,1,111,3.0,23.55555555555556,24.64,13,7
BOS,1,108,2.555555555555556,21.33333333333333,24.192307692307693,14,18
IND,1,98,2.555555555555556,20.666666666666668,23.814814814814813,19,1
TOR,0,98,2.4444444444444446,19.33333333333333,23.642857142857142,34,28
NYK,1,126,2.555555555555556,20.55555555555556,24.0,27,24
CHI,0,83,2.4444444444444446,19.444444444444443,24.1,5,5
DET,1,104,2.0,17.0,23.483870967741936,19,9
BKN,1,93,2.111111111111111,17.666666666666668,23.34375,17,19
HOU,1,102,2.333333333333333,18.444444444444443,23.151515151515152,25,14
SAC,1,101,2.7777777777777777,19.22222222222222,23.205882352941178,13,8
MIA,0,110,2.7777777777777777,19.22222222222222,22.914285714285715,29,22
PHI,1,123,3.111111111111111,20.88888888888889,23.08333333333333,23,10
PHX,0,109,3.555555555555556,21.33333333333333,23.08108108108108,28,4
CHI,1,102,3.4444444444444446,20.666666666666668,23.210526315789476,34,5
CHA,0,75,3.333333333333333,21.444444444444443,23.487179487179485,17,25
UTA,1,95,3.333333333333333,22.77777777777778,23.325,44,12
LAC,1,111,3.888888888888889,25.55555555555556,23.82926829268293,22,15
WSH,0,85,4.0,26.11111111111111,23.785714285714285,23,27
POR,1,103,3.6666666666666665,25.88888888888889,23.76744186046512,38,29
MIN,0,120,4.111111111111111,28.666666666666668,24.09090909090909,33,21
IND,0,94,4.333333333333333,29.11111111111111,24.288888888888888,24,1
NOP,1,97,4.0,29.22222222222222,24.282608695652176,28,26
OKC,0,121,3.888888888888889,29.22222222222222,24.361702127659573,37,23
DEN,0,116,4.111111111111111,29.55555555555556,24.625,24,11
BOS,1,99,4.444444444444445,30.33333333333333,24.612244897959183,19,18
BKN,0,98,3.888888888888889,27.55555555555556,24.5,34,19
MIL,1,101,3.6666666666666665,28.88888888888889,24.686274509803923,15,2
WSH,1,112,3.6666666666666665,28.0,24.5,14,27
ATL,1,101,3.2222222222222223,25.33333333333333,24.30188679245283,22,7
MIA,1,123,2.6666666666666665,24.11111111111111,24.25925925925926,36,22
ORL,1,94,3.2222222222222223,25.444444444444443,24.472727272727276,9,20
CLE,1,108,3.111111111111111,23.33333333333333,24.196428571428573,29,17
PHX,1,115,3.0,22.444444444444443,24.28070175438597,14,4
LAC,1,105,2.6666666666666665,21.33333333333333,24.103448275862068,15,15
DEN,1,89,2.555555555555556,20.88888888888889,23.94915254237288,14,11
LAL,1,102,2.555555555555556,18.666666666666668,23.78333333333333,18,3
SAS,0,102,2.7777777777777777,19.0,23.688524590163933,30,6
NOP,1,104,3.333333333333333,20.77777777777778,23.79032258064516,28,26
PHX,0,102,3.4444444444444446,21.444444444444443,23.857142857142858,30,4
HOU,0,112,3.0,20.77777777777778,23.953125,20,14
DAL,1,95,3.0,22.0,23.892307692307693,33,13
CHA,0,111,3.111111111111111,22.444444444444443,24.03030303030303,43,25
MEM,1,108,3.555555555555556,25.666666666666668,24.31343283582089,22,16
HOU,0,83,3.555555555555556,26.444444444444443,24.279411764705884,22,14
TOR,1,112,3.4444444444444446,27.33333333333333,24.246376811594203,27,28
SAC,1,115,3.333333333333333,28.33333333333333,24.285714285714285,36,8
OKC,0,112,3.2222222222222223,29.0,24.450704225352112,32,23
DAL,0,99,3.4444444444444446,29.444444444444443,24.55555555555556,29,13
NOP,1,102,3.6666666666666665,29.33333333333333,24.616438356164384,16,26
POR,0,101,3.7777777777777777,28.88888888888889,24.5,22,29
UTA,1,98,3.333333333333333,27.666666666666668,24.466666666666665,22,12
UTA,1,102,3.2222222222222223,25.33333333333333,24.43421052631579,15,12
OKC,1,116,3.0,24.55555555555556,24.31168831168831,22,23
DET,1,113,3.333333333333333,24.55555555555556,24.28205128205128,25,9
MEM,0,90,3.2222222222222223,24.33333333333333,24.29113924050633,22,16
MIN,1,106,3.111111111111111,22.77777777777778,24.2625,5,21
PHI,1,110,2.6666666666666665,19.77777777777778,24.02469135802469,18,10
SAC,1,98,2.2222222222222223,18.55555555555556,23.951219512195124,22,8
LAC,0,115,2.555555555555556,19.22222222222222,23.927710843373493,38,15
LAL,1,125,3.333333333333333,21.0,24.09523809523809,10,3
CLE,1,104,3.0,25.0,25.0,37,17
CLE,1,103,5.0,31.0,31.0,22,17
CLE,0,91,4.666666666666667,28.0,28.0,27,17
CLE,0,93,5.25,27.75,27.75,19,17
CLE,1,108,4.6,26.0,26.0,26,17
HOU,1,104,4.166666666666667,26.0,26.0,26,14
HOU,0,115,4.0,26.0,26.0,23,14
HOU,1,115,4.25,25.625,25.625,40,14
HOU,1,99,4.555555555555555,27.22222222222222,27.22222222222222,33,14
HOU,1,110,4.777777777777778,28.11111111111111,27.8,34,14
MEM,1,108,4.666666666666667,27.77777777777778,28.363636363636363,32,16
MEM,1,98,5.111111111111111,28.88888888888889,28.666666666666668,18,16
MEM,1,101,5.0,27.88888888888889,27.846153846153847,33,16
MEM,0,89,5.222222222222222,29.444444444444443,28.214285714285715,23,16
MEM,0,90,5.222222222222222,29.11111111111111,27.866666666666667,19,16
MEM,1,101,5.111111111111111,28.33333333333333,27.3125,22,16
NOP,1,109,4.888888888888889,28.22222222222222,27.0,39,26
NOP,1,123,4.777777777777778,28.11111111111111,27.666666666666668,40,26
NOP,1,97,5.0,28.88888888888889,28.31578947368421,22,26
NOP,1,106,4.666666666666667,27.55555555555556,28.0,34,26
DEN,1,133,4.222222222222222,27.77777777777778,28.285714285714285,10,11
MEM,1,111,3.7777777777777777,26.88888888888889,27.454545454545453,15,16
MIN,1,110,3.6666666666666665,24.88888888888889,26.91304347826087,34,21
POR,1,116,4.0,26.11111111111111,27.20833333333333,45,29
NOP,0,100,4.666666666666667,29.0,27.92,25,26
SAS,0,92,4.777777777777778,29.33333333333333,27.807692307692307,24,6
DAL,1,123,4.666666666666667,27.666666666666668,27.666666666666668,11,13
PHX,1,107,4.0,24.444444444444443,27.071428571428573,28,4
LAC,1,110,4.333333333333333,25.11111111111111,27.103448275862068,27,15
MIL,1,108,4.333333333333333,24.33333333333333,27.1,25,2
MEM,1,107,4.777777777777778,26.0,27.032258064516128,38,16
POR,1,122,5.333333333333333,28.55555555555556,27.375,33,29
WSH,1,107,5.333333333333333,28.444444444444443,27.545454545454547,24,27
UTA,1,106,5.0,26.11111111111111,27.44117647058824,24,12
NOP,1,112,4.777777777777778,26.0,27.34285714285714,16,26
ATL,1,114,4.444444444444445,25.11111111111111,27.02777777777778,16,7
LAL,1,108,4.555555555555555,25.666666666666668,26.72972972972973,19,3
NYK,1,125,4.111111111111111,24.666666666666668,26.526315789473685,25,24
DET,1,105,4.333333333333333,24.444444444444443,26.487179487179485,9,9
PHX,1,98,3.7777777777777777,22.666666666666668,26.05,36,4
LAC,1,106,3.6666666666666665,22.444444444444443,26.29268292682927,12,15
DAL,1,104,3.333333333333333,20.11111111111111,25.952380952380956,22,13
MIL,1,102,3.333333333333333,19.88888888888889,25.86046511627907,19,2
BKN,0,108,3.6666666666666665,19.33333333333333,25.704545454545453,26,19
BOS,1,106,4.111111111111111,20.444444444444443,25.711111111111112,37,18
TOR,1,113,4.444444444444445,22.77777777777778,25.956521739130437,22,28
CLE,0,99,4.555555555555555,23.11111111111111,25.872340425531917,18,17
WSH,1,114,4.222222222222222,22.33333333333333,25.70833333333333,32,27
SAS,1,110,4.666666666666667,24.88888888888889,25.836734693877556,25,6
MIN,1,94,4.333333333333333,23.666666666666668,25.82,25,21
PHI,1,89,4.333333333333333,25.11111111111111,25.80392156862745,20,10
NYK,1,106,4.111111111111111,24.88888888888889,25.692307692307693,22,24
ATL,0,116,4.0,25.22222222222222,25.62264150943396,26,7
DAL,1,128,3.7777777777777777,25.22222222222222,25.62962962962963,51,13
SAC,1,121,4.333333333333333,26.77777777777778,26.09090909090909,23,8
PHX,1,106,4.222222222222222,26.88888888888889,26.035714285714285,25,4
UTA,0,100,4.333333333333333,27.666666666666668,26.017543859649123,32,12
CHI,0,111,4.333333333333333,27.666666666666668,26.120689655172413,21,5
BOS,1,114,4.111111111111111,27.22222222222222,26.033898305084747,22,18
SAC,1,126,4.0,26.88888888888889,25.966666666666665,10,8
HOU,1,126,3.888888888888889,25.77777777777778,25.704918032786885,22,14
DEN,1,122,3.6666666666666665,25.77777777777778,25.64516129032258,20,11
HOU,1,131,3.4444444444444446,25.11111111111111,25.55555555555556,27,14
OKC,0,115,2.555555555555556,22.444444444444443,25.578125,19,23
MIA,1,104,2.555555555555556,22.0,25.476923076923075,32,22
UTA,1,116,2.888888888888889,22.77777777777778,25.57575757575757,27,12
CLE,1,112,2.7777777777777777,22.22222222222222,25.59701492537313,23,17
IND,1,117,2.888888888888889,22.444444444444443,25.558823529411764,21,1
OKC,1,117,3.2222222222222223,22.33333333333333,25.49275362318841,19,23
TOR,1,126,3.111111111111111,23.33333333333333,25.4,32,28
PHI,1,126,3.333333333333333,24.444444444444443,25.492957746478872,13,10
MIN,1,110,3.4444444444444446,23.666666666666668,25.319444444444443,25,21
LAC,0,86,3.6666666666666665,23.444444444444443,25.315068493150687,14,15
LAL,0,105,3.555555555555556,22.88888888888889,25.16216216216216,22,3
SAC,1,128,3.0,21.77777777777778,25.12,12,8
OKC,1,114,2.6666666666666665,20.11111111111111,24.94736842105263,34,23
MEM,0,98,2.888888888888889,21.33333333333333,25.064935064935064,19,16
NOP,1,128,2.555555555555556,21.11111111111111,24.987179487179485,34,26
DAL,1,105,3.111111111111111,22.77777777777778,25.10126582278481,29,13
HOU,1,105,2.888888888888889,22.444444444444443,25.15,20,14
MIN,1,102,2.888888888888889,23.22222222222222,25.08641975308642,21,21
CHI,1,112,2.555555555555556,22.77777777777778,25.036585365853657,19,5
NOP,1,112,2.555555555555556,23.33333333333333,24.96385542168675,19,26
ORL,1,98,2.6666666666666665,23.0,24.892857142857142,22,20
DET,1,104,2.888888888888889,24.11111111111111,24.858823529411765,16,9
CHA,1,106,2.4444444444444446,22.11111111111111,24.75581395348837,26,25
ORL,1,111,2.4444444444444446,22.88888888888889,24.770114942528732,28,20
MIA,1,114,2.4444444444444446,22.22222222222222,24.806818181818183,40,22
OKC,1,91,3.0,23.444444444444443,24.97752808988764,15,23
UTA,1,101,2.888888888888889,22.88888888888889,24.866666666666667,8,12
LAL,1,136,3.0,21.444444444444443,24.68131868131868,30,3
CHA,1,112,3.4444444444444446,22.666666666666668,24.73913043478261,19,25
BKN,1,107,3.4444444444444446,22.666666666666668,24.677419354838708,17,19
SAS,0,100,3.4444444444444446,22.11111111111111,24.595744680851062,16,6
PHX,0,95,3.333333333333333,22.11111111111111,24.50526315789474,28,4
HOU,1,98,3.6666666666666665,22.33333333333333,24.541666666666668,34,14
LAC,1,121,3.6666666666666665,23.0,24.63917525773196,28,15
POR,1,95,3.2222222222222223,21.666666666666668,24.6734693877551,21,29
LAL,1,127,3.111111111111111,22.33333333333333,24.63636363636364,31,3
SAC,1,95,3.2222222222222223,24.88888888888889,24.7,24,8
CLE,0,101,4.0,17.0,17.0,30,17
CLE,0,97,5.0,23.5,23.5,25,17
CLE,1,108,5.0,24.0,24.0,38,17
CLE,0,90,5.5,27.5,27.5,19,17
CLE,1,110,5.0,25.8,25.8,18,17
CLE,1,104,4.833333333333333,24.5,24.5,11,17
OKC,1,96,4.571428571428571,22.571428571428573,22.571428571428573,36,23
OKC,1,108,4.875,24.25,24.25,31,23
OKC,1,120,5.0,25.0,25.0,31,23
OKC,0,94,4.888888888888889,26.55555555555556,25.6,19,23
OKC,0,105,4.444444444444445,25.33333333333333,25.0,24,23
OKC,1,118,4.222222222222222,25.22222222222222,24.916666666666668,28,23
OKC,0,102,4.0,24.11111111111111,25.153846153846157,26,23
POR,1,125,4.333333333333333,24.88888888888889,25.214285714285715,29,29
POR,1,132,4.444444444444445,26.11111111111111,25.466666666666665,40,29
HOU,1,121,4.666666666666667,29.33333333333333,26.375,6,14
HOU,1,104,4.0,26.0,25.176470588235293,24,14
MEM,1,125,3.888888888888889,25.22222222222222,25.11111111111111,46,16
SAS,1,92,4.666666666666667,26.88888888888889,26.210526315789476,37,6
MEM,1,100,4.888888888888889,28.88888888888889,26.75,17,16
SAS,1,112,4.888888888888889,28.11111111111111,26.285714285714285,27,6
MIN,0,117,4.666666666666667,28.0,26.318181818181817,21,21
POR,1,136,4.444444444444445,27.444444444444443,26.08695652173913,39,29
BOS,0,106,4.888888888888889,28.55555555555556,26.625,29,18
UTA,1,103,5.222222222222222,27.33333333333333,26.72,31,12
WSH,1,102,5.666666666666667,30.11111111111111,26.884615384615383,26,27
PHI,1,117,5.777777777777778,30.33333333333333,26.85185185185185,20,10
DAL,1,128,4.888888888888889,27.444444444444443,26.607142857142858,33,13
LAC,1,114,5.0,27.0,26.82758620689655,33,15
MIN,1,109,5.111111111111111,28.77777777777778,27.03333333333333,19,21
SAS,0,79,5.0,27.88888888888889,26.774193548387096,14,6
DAL,1,130,4.666666666666667,27.11111111111111,26.375,31,13
NYK,1,121,4.333333333333333,26.22222222222222,26.51515151515152,34,24
NOP,1,125,4.333333333333333,26.77777777777778,26.735294117647054,27,26
PHX,1,123,4.222222222222222,26.33333333333333,26.742857142857144,35,4
POR,1,128,4.333333333333333,27.33333333333333,26.97222222222222,34,29
UTA,1,115,4.888888888888889,28.88888888888889,27.16216216216216,12,12
ORL,1,119,4.666666666666667,26.55555555555556,26.76315789473684,41,20
LAL,0,95,5.0,27.444444444444443,27.128205128205128,18,3
OKC,1,121,4.888888888888889,27.33333333333333,26.9,33,23
OKC,1,121,5.333333333333333,29.444444444444443,27.04878048780488,46,23
ORL,1,130,6.0,31.11111111111111,27.5,51,20
MIA,1,118,6.222222222222222,33.0,28.046511627906977,42,22
ATL,1,102,6.444444444444445,34.666666666666664,28.363636363636363,36,7
LAC,1,115,6.222222222222222,34.77777777777778,28.53333333333333,23,15
POR,0,105,5.777777777777778,33.55555555555556,28.41304347826087,31,29
PHX,1,112,6.222222222222222,35.666666666666664,28.46808510638298,26,4
HOU,1,123,6.0,34.0,28.416666666666668,35,14
OKC,1,116,6.666666666666667,35.888888888888886,28.551020408163264,26,23
WSH,1,134,6.222222222222222,35.111111111111114,28.5,51,27
NYK,1,116,6.111111111111111,35.666666666666664,28.94117647058824,13,24
PHI,1,108,5.333333333333333,31.444444444444443,28.634615384615383,23,10
DAL,1,127,5.222222222222222,29.33333333333333,28.52830188679245,14,13
SAS,1,120,5.0,26.88888888888889,28.25925925925926,37,6
IND,1,122,5.333333333333333,28.444444444444443,28.418181818181814,39,1
CHI,1,125,5.444444444444445,29.33333333333333,28.607142857142858,25,5
CLE,1,132,5.222222222222222,29.22222222222222,28.54385964912281,35,17
DET,0,95,5.222222222222222,29.22222222222222,28.655172413793103,38,9
LAL,1,116,5.888888888888889,30.55555555555556,28.8135593220339,26,3
DEN,0,110,5.555555555555555,27.77777777777778,28.766666666666666,38,11
MIA,1,111,5.777777777777778,30.55555555555556,28.918032786885245,31,22
SAC,1,128,5.666666666666667,31.444444444444443,28.951612903225808,38,8
POR,1,128,6.222222222222222,34.111111111111114,29.09523809523809,26,29
LAL,1,109,6.0,32.888888888888886,29.046875,17,3
CHA,1,111,5.555555555555555,30.444444444444443,28.861538461538466,30,25
SAC,1,122,5.777777777777778,31.0,28.87878787878788,23,8
CLE,1,89,5.666666666666667,29.666666666666668,28.791044776119403,19,17
UTA,1,103,5.0,27.55555555555556,28.647058823529413,16,12
MIL,1,121,4.333333333333333,26.444444444444443,28.463768115942027,26,2
PHX,1,128,4.0,25.11111111111111,28.428571428571427,25,4
MIL,0,95,3.7777777777777777,24.444444444444443,28.380281690140844,28,2
BOS,1,124,3.111111111111111,23.33333333333333,28.375,38,18
IND,1,131,3.333333333333333,24.666666666666668,28.506849315068493,29,1
BKN,1,114,3.2222222222222223,26.0,28.513513513513512,28,19
TOR,1,112,3.2222222222222223,25.77777777777778,28.506666666666668,44,28
CHA,1,116,3.555555555555556,28.11111111111111,28.710526315789476,40,25
UTA,1,106,4.333333333333333,30.444444444444443,28.857142857142858,26,12
SAC,1,120,4.555555555555555,31.55555555555556,28.82051282051282,19,8
PHX,1,135,4.666666666666667,30.77777777777778,28.696202531645568,41,4
LAL,1,111,5.444444444444445,32.55555555555556,28.85,24,3
DEN,1,118,5.666666666666667,32.111111111111114,28.790123456790123,19,11
CHI,1,106,5.333333333333333,30.0,28.670731707317078,27,5
LAC,1,124,5.333333333333333,29.77777777777778,28.650602409638555,40,15
TOR,1,115,5.444444444444445,31.11111111111111,28.785714285714285,37,28
BKN,1,107,5.0,30.33333333333333,28.88235294117647,34,19
MIN,1,129,4.666666666666667,29.666666666666668,28.94186046511628,46,21
MEM,1,100,5.111111111111111,31.88888888888889,29.13793103448276,28,16
DET,1,109,5.111111111111111,32.888888888888886,29.125,22,9
SAC,1,103,4.444444444444445,30.77777777777778,29.04494382022472,24,8
DEN,1,119,4.222222222222222,30.77777777777778,28.988888888888887,34,11
LAC,1,112,4.777777777777778,32.44444444444444,29.043956043956044,31,15
MEM,1,119,5.222222222222222,32.888888888888886,29.065217391304348,30,16
NOP,1,134,5.0,31.77777777777778,29.0752688172043,53,26
HOU,1,112,5.333333333333333,33.55555555555556,29.329787234042552,25,14
NOP,1,111,5.222222222222222,32.55555555555556,29.28421052631579,40,26
CLE,0,116,2.0,34.0,34.0,14,17
CLE,1,118,2.0,24.0,24.0,26,17
CLE,1,132,3.0,24.666666666666668,24.666666666666668,32,17
CLE,1,113,3.25,26.5,26.5,28,17
SAS,1,129,3.8,26.8,26.8,36,6
SAS,1,120,4.0,28.33333333333333,28.33333333333333,21,6
SAS,1,136,3.857142857142857,27.285714285714285,27.285714285714285,29,6
SAS,1,113,4.125,27.5,27.5,40,6
UTA,1,121,4.444444444444445,28.88888888888889,28.88888888888889,30,12
UTA,1,102,4.666666666666667,28.444444444444443,29.0,23,12
UTA,1,115,4.777777777777778,29.444444444444443,28.454545454545453,23,12
UTA,1,106,4.777777777777778,29.11111111111111,28.0,22,12
POR,1,128,4.444444444444445,28.0,27.53846153846154,37,29
POR,1,119,4.555555555555555,29.0,28.214285714285715,34,29
POR,1,110,4.555555555555555,28.77777777777778,28.6,19,29
POR,1,121,4.666666666666667,28.55555555555556,28.0,29,29
LAL,1,109,4.333333333333333,28.55555555555556,28.058823529411764,20,3
UTA,0,99,4.111111111111111,26.33333333333333,27.61111111111111,28,12
PHX,1,120,4.333333333333333,26.11111111111111,27.63157894736842,42,4
MIN,1,121,4.888888888888889,28.22222222222222,28.35,19,21
WSH,1,139,4.666666666666667,27.77777777777778,27.904761904761905,42,27
HOU,1,107,5.555555555555555,30.0,28.545454545454547,24,14
SAS,1,110,5.222222222222222,28.55555555555556,28.347826086956523,29,6
HOU,1,113,5.111111111111111,28.0,28.375,32,14
MEM,1,106,5.0,29.444444444444443,28.52,21,16
SAC,1,114,5.222222222222222,28.55555555555556,28.23076923076923,27,8
DAL,1,112,5.222222222222222,29.33333333333333,28.185185185185187,17,13
OKC,1,111,4.888888888888889,28.11111111111111,27.785714285714285,23,23
MIL,1,117,4.777777777777778,26.0,27.620689655172413,28,2
ORL,1,122,5.111111111111111,27.0,27.633333333333333,25,20
PHI,1,106,4.333333333333333,25.11111111111111,27.548387096774192,29,10
MIN,0,102,4.444444444444445,25.666666666666668,27.59375,26,21
BOS,0,86,4.111111111111111,25.33333333333333,27.545454545454547,23,18
ATL,1,119,4.0,24.33333333333333,27.41176470588235,24,7
NYK,1,112,4.111111111111111,24.666666666666668,27.314285714285717,31,24
CHI,0,87,4.111111111111111,25.11111111111111,27.416666666666668,23,5
WSH,0,108,4.0,25.77777777777778,27.2972972972973,25,27
PHI,1,119,3.4444444444444446,26.0,27.23684210526316,19,10
BKN,1,112,2.7777777777777777,25.0,27.025641025641026,27,19
LAC,1,123,3.111111111111111,25.22222222222222,27.025,35,15
SAC,1,109,3.2222222222222223,25.88888888888889,27.21951219512195,13,8
DEN,0,110,3.333333333333333,24.444444444444443,26.88095238095238,11,11
OKC,1,130,3.2222222222222223,23.11111111111111,26.511627906976745,26,23
MEM,1,122,3.0,23.33333333333333,26.5,18,16
CHI,1,123,2.6666666666666665,21.88888888888889,26.31111111111111,13,5
SAC,0,106,2.555555555555556,20.77777777777778,26.02173913043478,35,8
LAC,1,133,3.2222222222222223,21.88888888888889,26.21276595744681,29,15
CHA,1,126,3.555555555555556,23.0,26.27083333333333,39,25
LAC,1,144,4.222222222222222,24.33333333333333,26.53061224489796,43,15
CHA,1,113,4.555555555555555,25.22222222222222,26.86,28,25
MIA,0,102,5.0,26.88888888888889,26.88235294117647,21,22
ORL,1,118,5.222222222222222,28.0,26.76923076923077,27,20
HOU,1,125,5.555555555555555,28.11111111111111,26.77358490566038,24,14
OKC,1,121,5.888888888888889,28.77777777777778,26.72222222222222,24,23
CLE,1,126,6.0,30.0,26.672727272727272,20,17
DET,1,127,5.666666666666667,28.33333333333333,26.553571428571427,24,9
MIA,1,107,5.666666666666667,27.77777777777778,26.50877192982456,24,22
SAC,1,117,4.888888888888889,26.11111111111111,26.46551724137931,30,8
MEM,0,119,4.444444444444445,24.666666666666668,26.52542372881356,40,16
POR,1,125,4.333333333333333,26.0,26.75,35,29
DEN,1,127,4.555555555555555,27.55555555555556,26.885245901639344,22,11
DAL,1,108,4.111111111111111,27.0,26.806451612903224,14,13
TOR,1,121,3.888888888888889,25.88888888888889,26.603174603174605,28,28
CLE,0,108,4.0,26.33333333333333,26.625,15,17
DET,1,119,3.6666666666666665,25.77777777777778,26.446153846153845,25,9
BKN,1,117,3.888888888888889,25.88888888888889,26.424242424242426,15,19
UTA,1,104,3.7777777777777777,24.88888888888889,26.253731343283583,25,12
POR,1,135,3.6666666666666665,24.33333333333333,26.235294117647054,19,29
NYK,1,103,3.6666666666666665,22.0,26.130434782608692,8,24
NOP,1,113,3.333333333333333,19.0,25.87142857142857,30,26
MIN,1,116,3.555555555555556,19.88888888888889,25.92957746478873,22,21
MEM,0,89,3.4444444444444446,20.77777777777778,25.875,17,16
UTA,1,106,3.4444444444444446,19.55555555555556,25.753424657534246,26,12
LAC,1,115,3.555555555555556,20.77777777777778,25.75675675675676,19,15
IND,1,142,3.0,20.11111111111111,25.666666666666668,13,1
PHX,1,138,2.888888888888889,19.88888888888889,25.5,31,4
HOU,0,127,3.0,20.55555555555556,25.571428571428573,28,14
ATL,1,105,2.888888888888889,21.55555555555556,25.602564102564106,25,7
MIN,1,115,3.111111111111111,23.444444444444443,25.59493670886076,34,21
LAL,1,109,3.0,23.88888888888889,25.7,24,3
LAL,1,149,3.2222222222222223,24.11111111111111,25.679012345679013,31,3
IND,1,120,3.6666666666666665,25.666666666666668,25.74390243902439,22,1
MIL,1,124,3.555555555555556,25.22222222222222,25.698795180722893,20,2
BOS,1,104,3.6666666666666665,25.33333333333333,25.63095238095238,16,18
TOR,1,127,3.6666666666666665,25.666666666666668,25.51764705882353,35,28
PHX,1,133,3.4444444444444446,26.11111111111111,25.627906976744185,30,4
DEN,1,125,3.555555555555556,26.33333333333333,25.67816091954023,33,11
DAL,1,116,3.888888888888889,27.22222222222222,25.76136363636364,24,13
NOP,1,116,3.888888888888889,26.11111111111111,25.741573033707866,46,26
LAL,0,97,4.888888888888889,28.55555555555556,25.966666666666665,13,3
OKC,1,122,4.111111111111111,26.55555555555556,25.824175824175825,21,23
POR,1,127,4.111111111111111,26.444444444444443,25.77173913043478,28,29
PHX,1,106,4.555555555555555,27.33333333333333,25.795698924731184,28,4
NOP,1,122,4.888888888888889,28.666666666666668,25.81914893617021,23,26
SAS,0,100,5.0,27.33333333333333,25.789473684210527,26,6
CLE,1,110,7.0,37.0,37.0,11,17
CLE,1,122,4.0,24.0,24.0,33,17
CLE,1,124,5.666666666666667,27.0,27.0,29,17
HOU,1,101,5.5,27.5,27.5,27,14
HOU,1,115,5.8,27.4,27.4,29,14
HOU,0,94,5.666666666666667,27.666666666666668,27.666666666666668,22,14
HOU,0,92,5.142857142857143,26.857142857142858,26.857142857142858,28,14
HOU,1,126,5.25,27.0,27.0,35,14
HOU,0,105,5.222222222222222,27.88888888888889,27.88888888888889,16,14
HOU,1,119,4.555555555555555,25.55555555555556,26.7,18,14
NOP,1,113,4.555555555555555,26.33333333333333,25.90909090909091,28,26
NOP,1,118,3.888888888888889,25.77777777777778,26.08333333333333,23,26
NOP,0,100,3.7777777777777777,25.11111111111111,25.846153846153847,19,26
NOP,1,121,3.333333333333333,24.22222222222222,25.357142857142858,28,26
ATL,1,106,3.333333333333333,24.11111111111111,25.53333333333333,29,7
BKN,1,114,3.4444444444444446,24.88888888888889,25.75,34,19
ATL,1,114,3.4444444444444446,25.55555555555556,26.235294117647054,28,7
WSH,1,109,3.333333333333333,24.77777777777778,26.33333333333333,25,27
NYK,1,125,3.6666666666666665,25.77777777777778,26.26315789473684,21,24
OKC,1,112,4.0,26.11111111111111,26.0,21,23
LAC,1,134,4.222222222222222,25.33333333333333,25.761904761904763,44,15
POR,0,117,4.666666666666667,27.666666666666668,26.59090909090909,17,29
PHX,1,129,4.666666666666667,27.444444444444443,26.17391304347826,22,4
SAS,1,122,4.444444444444445,26.77777777777778,26.0,17,6
DAL,1,121,4.444444444444445,25.444444444444443,25.64,20,13
OKC,0,105,4.222222222222222,23.88888888888889,25.423076923076923,21,23
DEN,0,108,4.0,23.11111111111111,25.25925925925926,24,11
SAC,1,119,4.111111111111111,23.0,25.214285714285715,23,8
UTA,0,99,4.0,23.22222222222222,25.13793103448276,14,12
BOS,1,109,3.555555555555556,22.444444444444443,24.766666666666666,49,18
MIN,1,126,3.555555555555556,23.0,25.548387096774192,25,21
NYK,1,123,3.7777777777777777,23.88888888888889,25.53125,32,24
HOU,0,108,4.333333333333333,25.0,25.727272727272727,19,14
CHI,1,119,4.555555555555555,25.22222222222222,25.529411764705884,30,5
CLE,1,118,4.777777777777778,26.33333333333333,25.65714285714286,23,17
TOR,1,127,5.0,26.55555555555556,25.58333333333333,24,28
DEN,1,124,4.666666666666667,26.55555555555556,25.54054054054054,32,11
LAC,1,121,4.888888888888889,27.55555555555556,25.710526315789476,45,15
HOU,1,124,5.666666666666667,31.0,26.205128205128204,29,14
DAL,1,125,5.222222222222222,28.77777777777778,26.275,32,13
MEM,1,141,5.333333333333333,29.55555555555556,26.414634146341463,38,16
NOP,1,125,5.555555555555555,30.22222222222222,26.69047619047619,31,26
MIA,1,123,5.555555555555555,31.55555555555556,26.79069767441861,30,22
ORL,1,133,5.444444444444445,31.55555555555556,26.863636363636363,23,20
LAL,1,127,5.333333333333333,31.55555555555556,26.77777777777778,28,3
NOP,1,110,5.444444444444445,32.0,26.80434782608696,27,26
CHI,1,143,5.222222222222222,31.444444444444443,26.80851063829787,33,5
OKC,0,91,4.777777777777778,30.11111111111111,26.9375,24,23
BKN,1,118,4.666666666666667,29.55555555555556,26.877551020408163,39,19
PHI,1,124,4.444444444444445,30.33333333333333,27.12,35,10
BOS,0,88,3.7777777777777777,30.0,27.274509803921568,9,18
PHI,1,135,3.4444444444444446,27.55555555555556,26.923076923076923,22,10
MIN,1,125,3.2222222222222223,26.666666666666668,26.83018867924528,22,21
MIA,1,97,3.111111111111111,26.55555555555556,26.74074074074074,16,22
DEN,1,127,3.0,25.22222222222222,26.545454545454547,22,11
SAS,1,112,3.2222222222222223,24.666666666666668,26.464285714285715,21,6
LAC,1,141,3.111111111111111,23.33333333333333,26.36842105263158,31,15
DET,0,107,3.555555555555556,24.11111111111111,26.448275862068964,27,9
WSH,1,120,3.4444444444444446,22.77777777777778,26.45762711864407,20,27
TOR,1,117,3.333333333333333,21.11111111111111,26.35,30,28
DAL,1,133,3.555555555555556,23.444444444444443,26.40983606557377,29,13
MEM,0,101,3.4444444444444446,24.22222222222222,26.451612903225808,37,16
NOP,1,128,3.888888888888889,25.88888888888889,26.61904761904762,28,26
HOU,0,121,4.111111111111111,27.22222222222222,26.640625,22,14
TOR,1,106,3.0,21.0,21.0,31,28
TOR,0,92,4.0,26.0,26.0,27,28
TOR,0,109,3.333333333333333,26.33333333333333,26.33333333333333,47,28
TOR,1,109,4.0,31.5,31.5,23,28
TOR,0,109,3.8,29.8,29.8,34,28
POR,1,119,3.8333333333333335,30.5,30.5,37,29
POR,1,110,4.285714285714286,31.428571428571427,31.428571428571427,36,29
POR,1,114,4.5,32.0,32.0,37,29
POR,1,116,4.444444444444445,32.55555555555556,32.55555555555556,36,29
HOU,1,118,5.111111111111111,34.22222222222222,32.9,33,14
HOU,1,104,5.0,34.44444444444444,32.90909090909091,25,14
HOU,0,108,5.111111111111111,34.22222222222222,32.25,30,14
HOU,0,121,4.888888888888889,32.333333333333336,32.07692307692308,17,14
HOU,1,115,4.777777777777778,31.666666666666668,31.0,20,14
HOU,1,104,4.666666666666667,30.11111111111111,30.266666666666666,18,14
LAC,1,129,4.222222222222222,28.0,29.5,24,15
LAC,0,121,3.7777777777777777,26.666666666666668,29.176470588235293,24,15
LAC,1,113,3.7777777777777777,25.22222222222222,28.88888888888889,12,15
LAC,1,132,2.888888888888889,22.55555555555556,28.0,21,15
LAC,0,131,2.888888888888889,21.22222222222222,27.65,29,15
LAC,1,121,3.111111111111111,21.666666666666668,27.714285714285715,38,15
LAC,1,131,3.555555555555556,22.55555555555556,28.181818181818183,27,15
CLE,1,120,3.6666666666666665,23.666666666666668,28.130434782608692,40,17
LAL,1,108,4.333333333333333,25.88888888888889,28.625,7,3
DEN,1,116,4.111111111111111,24.666666666666668,27.76,17,11
CHA,1,137,4.444444444444445,23.88888888888889,27.346153846153847,25,25
MIN,0,130,4.555555555555555,24.0,27.25925925925926,37,21
MEM,1,118,5.666666666666667,26.77777777777778,27.607142857142858,28,16
DET,1,121,5.888888888888889,27.55555555555556,27.620689655172413,26,9
IND,1,112,5.888888888888889,27.22222222222222,27.566666666666663,15,1
MIN,1,117,5.555555555555555,24.666666666666668,27.161290322580644,36,21
SAS,0,105,6.111111111111111,25.666666666666668,27.4375,25,6
OKC,1,110,5.777777777777778,24.0,27.363636363636363,33,23
HOU,1,106,6.222222222222222,26.88888888888889,27.529411764705884,24,14
PHX,0,111,6.0,27.666666666666668,27.428571428571427,18,4
DEN,1,122,5.888888888888889,26.88888888888889,27.166666666666668,17,11
BOS,0,95,5.111111111111111,24.666666666666668,26.89189189189189,23,18
PHI,1,120,4.888888888888889,24.11111111111111,26.789473684210527,28,10
ORL,0,96,4.888888888888889,24.33333333333333,26.82051282051282,33,20
MIA,0,125,4.888888888888889,26.33333333333333,26.975,24,22
CHA,1,121,4.444444444444445,25.0,26.902439024390244,16,25
HOU,0,112,4.222222222222222,24.0,26.642857142857142,25,14
SAC,1,125,4.222222222222222,23.11111111111111,26.6046511627907,36,8
POR,0,107,5.0,24.444444444444443,26.818181818181817,32,29
UTA,1,115,5.111111111111111,26.0,26.933333333333334,24,12
MIA,1,120,5.222222222222222,26.77777777777778,26.869565217391305,25,22
PHX,1,117,5.333333333333333,27.0,26.829787234042552,20,4
SAS,1,141,5.111111111111111,26.11111111111111,26.6875,19,6
LAL,1,115,4.888888888888889,24.55555555555556,26.53061224489796,14,3
PHI,0,104,4.666666666666667,23.444444444444443,26.28,41,10
IND,1,132,5.333333333333333,26.22222222222222,26.568627450980397,26,1
BOS,1,115,5.444444444444445,26.33333333333333,26.557692307692307,24,18
WSH,1,126,5.0,25.0,26.50943396226415,38,27
LAL,1,130,4.666666666666667,25.666666666666668,26.72222222222222,11,3
LAC,1,112,4.333333333333333,24.22222222222222,26.43636363636364,28,15
NOP,1,147,4.111111111111111,24.55555555555556,26.464285714285715,41,26
DEN,1,142,4.777777777777778,26.88888888888889,26.719298245614038,31,11
DAL,1,119,5.333333333333333,28.22222222222222,26.79310344827586,48,13
CHI,1,146,6.333333333333333,32.0,27.15254237288136,28,5
NYK,1,122,5.777777777777778,30.55555555555556,27.166666666666668,14,24
SAC,1,127,5.444444444444445,29.22222222222222,26.950819672131143,42,8
HOU,0,134,5.888888888888889,31.22222222222222,27.193548387096776,35,14
PHX,1,132,6.222222222222222,30.88888888888889,27.31746031746032,34,4
POR,1,115,6.555555555555555,33.44444444444444,27.421875,25,29
POR,0,109,6.444444444444445,33.111111111111114,27.384615384615383,29,29
LAL,0,101,6.111111111111111,31.77777777777778,27.40909090909091,15,3
LAC,1,129,5.444444444444445,30.0,27.22388059701493,42,15
DAL,1,120,4.888888888888889,29.33333333333333,27.44117647058824,22,13
UTA,0,103,5.0,28.666666666666668,27.36231884057971,32,12
MEM,1,110,5.222222222222222,30.666666666666668,27.428571428571427,20,16
SAC,1,130,4.444444444444445,28.22222222222222,27.323943661971832,35,8
TOR,0,93,4.444444444444445,28.22222222222222,27.43055555555556,10,28
MIN,1,116,4.111111111111111,25.55555555555556,27.19178082191781,38,21
MIL,1,105,4.666666666666667,27.0,27.33783783783784,20,2
CLE,1,129,4.444444444444445,26.0,27.24,42,17
ATL,1,128,5.222222222222222,29.0,27.43421052631579,30,7
DET,0,102,5.222222222222222,27.666666666666668,27.467532467532468,27,9
MIL,0,111,4.888888888888889,28.22222222222222,27.46153846153846,10,2
MEM,1,117,4.333333333333333,25.77777777777778,27.240506329113924,19,16
MIN,1,116,4.333333333333333,25.666666666666668,27.1375,28,21
NOP,1,131,4.222222222222222,24.88888888888889,27.14814814814815,37,26
CHI,1,149,4.777777777777778,27.88888888888889,27.26829268292683,23,5
BKN,1,120,4.222222222222222,26.22222222222222,27.21686746987952,35,19
NYK,1,128,4.555555555555555,27.88888888888889,27.30952380952381,29,24
WSH,1,144,4.222222222222222,26.444444444444443,27.32941176470588,51,27
PHX,1,123,4.777777777777778,28.77777777777778,27.6046511627907,29,4
DEN,0,98,5.111111111111111,29.0,27.620689655172413,30,11
UTA,1,124,5.777777777777778,31.22222222222222,27.647727272727277,31,12
OKC,1,108,6.0,32.55555555555556,27.685393258426966,32,23
PHX,0,110,3.0,23.0,23.0,9,4
NOP,1,134,2.0,16.0,16.0,26,26
OKC,0,92,2.6666666666666665,19.33333333333333,19.33333333333333,23,23
LAC,0,122,2.5,20.25,20.25,23,15
PHX,1,122,9.0,46.0,46.0,21,4
UTA,1,119,5.0,33.5,33.5,36,12
OKC,1,136,4.333333333333333,34.333333333333336,34.333333333333336,49,23
OKC,1,118,6.0,38.0,38.0,34,23
NOP,0,103,6.0,37.2,37.2,37,26
NOP,1,123,6.333333333333333,37.16666666666666,37.16666666666666,41,26
HOU,1,113,6.571428571428571,37.71428571428572,37.71428571428572,30,14
MIN,0,114,6.625,36.75,36.75,37,21
DAL,0,103,6.555555555555555,36.77777777777778,36.77777777777778,27,13
SAC,1,117,6.111111111111111,34.666666666666664,35.8,37,8
DEN,1,118,6.777777777777778,36.44444444444444,35.90909090909091,32,11
WSH,0,114,6.888888888888889,36.0,35.583333333333336,18,27
PHI,1,107,5.888888888888889,32.55555555555556,34.23076923076923,49,10
BOS,0,114,6.333333333333333,34.22222222222222,35.285714285714285,47,18
CLE,1,119,6.666666666666667,35.333333333333336,36.06666666666667,33,17
OKC,1,147,6.222222222222222,34.44444444444444,35.875,42,23
DEN,1,116,6.666666666666667,35.77777777777778,36.23529411764706,53,11
HOU,1,125,7.111111111111111,37.55555555555556,37.16666666666666,38,14
WSH,0,107,7.444444444444445,38.77777777777778,37.21052631578947,32,27
MIL,1,122,7.222222222222222,38.22222222222222,36.95,41,2
ATL,0,111,7.333333333333333,39.22222222222222,37.142857142857146,37,7
MIA,0,109,7.444444444444445,41.333333333333336,37.13636363636363,36,22
CHI,1,116,6.888888888888889,39.888888888888886,37.08695652173913,32,5
HOU,1,108,6.333333333333333,38.22222222222222,36.875,18,14
LAL,0,97,6.111111111111111,36.55555555555556,36.12,27,3
UTA,1,131,5.333333333333333,34.888888888888886,35.76923076923077,32,12
LAC,0,104,4.888888888888889,32.55555555555556,35.629629629629626,14,15
POR,0,106,4.111111111111111,29.88888888888889,34.857142857142854,35,29
LAL,0,91,4.111111111111111,30.22222222222222,34.86206896551724,16,3
CHA,1,130,3.7777777777777777,27.444444444444443,34.233333333333334,29,25
IND,1,111,3.7777777777777777,26.55555555555556,34.064516129032256,24,1
NYK,1,114,3.333333333333333,25.22222222222222,33.75,37,24
ORL,0,120,3.4444444444444446,25.77777777777778,33.84848484848485,29,20
MIA,1,120,3.888888888888889,27.0,33.705882352941174,25,22
CLE,1,129,4.0,26.77777777777778,33.457142857142856,36,17
BKN,0,117,4.111111111111111,27.22222222222222,33.52777777777778,27,19
ORL,1,111,4.222222222222222,28.666666666666668,33.351351351351354,40,20
SAS,1,114,4.777777777777778,29.22222222222222,33.526315789473685,32,6
SAS,0,100,5.0,31.0,33.48717948717949,32,6
DAL,0,132,5.333333333333333,31.33333333333333,33.45,57,13
DAL,1,147,6.444444444444445,35.0,34.02439024390244,28,13
BOS,0,107,6.111111111111111,34.0,33.88095238095238,38,18
DET,1,118,6.222222222222222,35.0,33.97674418604651,28,9
PHX,0,93,6.333333333333333,35.333333333333336,33.84090909090909,27,4
MIN,1,123,6.111111111111111,34.333333333333336,33.68888888888889,16,21
MIN,1,130,6.333333333333333,33.111111111111114,33.30434782608695,36,21
UTA,0,108,6.0,32.666666666666664,33.361702127659576,24,12
NYK,0,104,6.111111111111111,31.77777777777778,33.166666666666664,30,24
SAS,1,121,6.0,31.55555555555556,33.10204081632653,26,6
LAL,1,115,5.222222222222222,28.11111111111111,32.96,26,3
DEN,0,104,5.111111111111111,27.88888888888889,32.8235294117647,35,11
IND,0,95,4.888888888888889,27.55555555555556,32.86538461538461,20,1
TOR,1,106,4.555555555555555,26.666666666666668,32.62264150943396,11,28
LAC,1,115,4.111111111111111,24.88888888888889,32.22222222222222,38,15
LAC,0,101,4.666666666666667,27.33333333333333,32.32727272727273,13,15
SAC,1,137,4.0,24.77777777777778,31.982142857142858,30,8
POR,1,137,4.0,25.444444444444443,31.94736842105263,62,29
POR,0,98,4.333333333333333,29.0,32.46551724137931,26,29
DET,1,116,4.333333333333333,29.0,32.355932203389834,31,9
CHI,1,129,4.555555555555555,29.55555555555556,32.333333333333336,36,5
MIL,0,99,4.555555555555555,29.666666666666668,32.39344262295082,19,2
BKN,0,99,4.444444444444445,29.55555555555556,32.17741935483871,20,19
MEM,0,112,4.555555555555555,30.55555555555556,31.984126984126984,39,16
LAL,0,100,4.222222222222222,30.666666666666668,32.09375,37,3
SAC,1,113,4.777777777777778,33.333333333333336,32.16923076923077,29,8
SAC,0,113,4.888888888888889,33.22222222222222,32.121212121212125,29,8
DEN,1,107,4.555555555555555,29.55555555555556,32.07462686567164,10,11
